email,subject,messagex9X@gmail.com,a,gdgdbd
x9X@gmail.com,a,gdgdbd
x9X@gmail.com,a,gdgdbd
x9X@gmail.com,a,gdgdbd
x9X@gmail.com,a,gdgdbd
x9X@gmail.com,a,gdgdbd
x9X@gmail.com,a,gdgdbd
x9X@gmail.com,a,gdgdbd
x9X@gmail.com,a,gdgdbd
x9X@gmail.com,a,gdgdbd
x9X@gmail.com,a,gdgdbd
x9X@gmail.com,a,gdgdbd
x9X@gmail.com,a,gdgdbd
x9X@gmail.com,a,gdgdbd
x9X@gmail.com,a,gdgdbd
x9X@gmail.com,a,gdgdbd
x9X@gmail.com,a,gdgdbd
x9X@gmail.com,a,gdgdbd
x9X@gmail.com,a,gdgdbd
x9X@gmail.com,a,gdgdbd
x9X@gmail.com,a,gdgdbd
x9X@gmail.com,a,gryreyhrtujuj
